system,401,402,403,404,405,406,407,408,409,410,411,412,413,414,415,416,417,418,419,420,421,422,423,424,425,426,427,428,429,430,431,432,433,434,435,436,437,438,439,440,441,442,443,444,445,446,447,448,449,450
1,-3.09691,-2.431798,-4.0,-2.508638,-4.0,-2.886057,-2.142668,-3.30103,-4.0,-4.0,-3.69897,-3.69897,-3.30103,-3.154902,-2.346787,-1.853872,-2.30103,-3.69897,-4.0,-1.692504,-2.136677,-3.69897,-1.647817,-2.408935,-2.886057,-4.0,-2.677781,-3.522879,-2.187087,-1.638272,-1.74958,-4.0,-4.0,-3.30103,-1.742321,-3.69897,-2.080922,-1.79588,-4.0,-3.221849,-4.0,-4.0,-3.30103,-1.5867,-3.522879,-2.886057,-3.045757,-4.0,-3.69897,-3.39794
8manexT3D1N0,-0.326795,-0.599117,-0.05463,-0.67305,-0.470955,-0.294564,-0.500176,-0.633577,-0.521289,-0.145451,-0.378616,-0.489321,-0.511731,-0.17399,-0.148191,-0.555175,-1.052566,-0.521289,-0.770318,-0.384366,-1.174574,-0.325506,-0.270511,-0.638839,-0.319846,-0.494307,-0.370794,-0.585863,-0.255629,-0.245346,-0.435452,-2.070581,-1.640165,-0.533429,-0.753255,-0.375718,-1.071604,-0.48825,-1.29073,-0.719649,-0.278025,-2.79588,-0.888737,-0.214528,-0.279097,-0.356153,-1.649752,-1.057992,-0.818442,-0.320845
acsys8aln2,-0.825068,-0.424928,-0.047789,-0.663941,-0.929593,-0.502794,-0.688034,-0.590236,-0.68382,-0.079355,-0.597567,-0.869666,-0.489723,-0.592099,-0.446967,-0.489723,-0.589391,-0.413638,-0.802168,-0.737312,-1.987163,-0.537452,-0.2498,-0.615288,-0.406825,-0.996539,-0.688458,-0.950394,-0.41533,-0.257432,-0.293965,-2.769551,-1.850781,-0.405055,-1.197911,-1.393619,-1.67162,-0.762708,-0.953895,-1.040482,-0.329383,-2.045757,-1.209012,-0.261378,-1.045275,-0.688458,-0.713768,-1.341035,-0.861382,-0.242604
acsys8alo,-0.676954,-0.398918,-0.046385,-0.672437,-0.547141,-0.349984,-0.626353,-0.68361,-0.774949,-0.099032,-0.514847,-0.397072,-0.529443,-0.686133,-0.374173,-0.538351,-0.523893,-0.450874,-0.664743,-0.404504,-1.777284,-0.490126,-0.2522,-0.628009,-0.346112,-0.866142,-0.682146,-0.616723,-0.487316,-0.407046,-0.331428,-2.148742,-1.49485,-0.403403,-0.858864,-1.119758,-1.546682,-0.694434,-1.117475,-0.770574,-0.246111,-1.856985,-1.346787,-0.271565,-0.824488,-0.449405,-0.114243,-1.759451,-0.869345,-0.244125
acsys8alo2,-0.920819,-0.419417,-0.050415,-0.720105,-0.890084,-0.452471,-0.839231,-0.68382,-0.703554,-0.106849,-0.572676,-0.553152,-0.673459,-0.753255,-0.485718,-0.528708,-0.559091,-0.415217,-0.774949,-0.440932,-1.79588,-0.590405,-0.22614,-0.645315,-0.379136,-0.990549,-0.641875,-0.662341,-0.319755,-0.269541,-0.330218,-2.29243,-1.316053,-0.400226,-1.045757,-1.215383,-1.636388,-0.737549,-1.153663,-0.754487,-0.277942,-1.974694,-1.385103,-0.275724,-1.057992,-0.776245,-0.410609,-1.742321,-0.882729,-0.263126
acsys8amn,-2.113509,-1.246417,-0.036071,-0.708187,-1.195861,-0.309538,-0.592099,-0.841638,-0.699187,-0.098052,-0.779892,-0.752027,-0.576099,-0.594654,-0.442132,-0.48825,-0.468777,-1.344862,-1.146302,-0.34911,-1.235077,-0.477947,-0.201626,-1.339135,-0.597051,-1.318759,-0.754981,-0.897223,-0.88941,-0.321209,-0.546988,-2.19382,-2.05061,-0.443577,-0.9914,-1.759451,-2.107905,-0.784362,-1.774691,-1.218245,-0.209012,-2.60206,-1.164309,-0.198871,-0.512862,-0.53551,-0.602755,-2.161151,-0.927383,-0.232177
acsys8asn,-2.070581,-1.546682,-0.045565,-0.770574,-1.310691,-0.30945,-0.56687,-0.787014,-0.906578,-0.090284,-0.801068,-0.486649,-1.080922,-0.570086,-0.450139,-0.49485,-0.442493,-1.428291,-1.284833,-0.330311,-1.191789,-0.474049,-0.219755,-1.219683,-0.502103,-1.35164,-0.869023,-0.888401,-0.929962,-0.311224,-0.497436,-2.468521,-2.031517,-0.457299,-0.932929,-1.735182,-2.119186,-0.803271,-1.872895,-1.264401,-0.212327,-2.769551,-4.0,-0.177505,-0.45494,-0.527097,-0.780415,-2.537602,-1.051587,-0.235301
AntHoc1,-4.0,-2.638272,-2.309804,-3.221849,-3.221849,-0.745694,-1.379864,-2.455932,-4.0,-3.522879,-2.376751,-4.0,-2.481486,-4.0,-2.823909,-2.022276,-1.171985,-4.0,-1.659556,-1.368556,-2.638272,-2.267606,-0.991826,-1.607303,-2.638272,-4.0,-2.508638,-3.39794,-0.633017,-0.882397,-2.455932,-1.614394,-4.0,-3.522879,-1.628932,-2.346787,-2.568636,-2.167491,-4.0,-3.09691,-1.301899,-4.0,-3.69897,-1.546682,-4.0,-2.221849,-1.504456,-2.769551,-1.422508,-0.47991
apl8c221,-0.73471,-0.398157,-0.05463,-0.672233,-0.491605,-0.324772,-0.417255,-0.570248,-0.629487,-0.084706,-0.327995,-1.079355,-0.389553,-0.796695,-0.280337,-0.443577,-0.513286,-0.325506,-0.813326,-0.360812,-1.66354,-0.595337,-0.161403,-0.583193,-0.41375,-1.508638,-0.510042,-0.477947,-0.747632,-0.207748,-0.332454,-2.677781,-1.44855,-0.594142,-0.54546,-1.189096,-2.065502,-0.84436,-2.267606,-0.59176,-0.225775,-1.393619,-1.367543,-0.060531,-0.609418,-0.486516,-0.164753,-1.55752,-0.757707,-0.230992
apl8c621,-0.665546,-0.406603,-0.082075,-0.649558,-0.504178,-0.348141,-0.283496,-0.585194,-0.635637,-0.095447,-0.312828,-1.39794,-0.424581,-0.695941,-0.210701,-0.489857,-0.897223,-0.361611,-0.614036,-0.349498,-1.707744,-0.563519,-0.170439,-0.584192,-0.376751,-1.007446,-0.51357,-0.55752,-0.697886,-0.229737,-0.331894,-2.309804,-1.20204,-0.597739,-0.732359,-1.153663,-1.943095,-1.093126,-2.187087,-0.694434,-0.213107,-1.283162,-1.358526,-0.069968,-0.557677,-0.550059,-0.144602,-1.50724,-0.770062,-0.217098
apl8ctd,-2.167491,-0.427012,-0.042584,-0.665345,-0.471212,-0.256098,-0.381743,-0.62142,-0.680062,-0.056654,-0.630599,-1.247184,-0.880414,-0.819587,-0.229737,-0.480829,-0.653061,-0.335828,-0.82333,-0.322028,-1.021363,-1.209012,-0.175549,-0.759451,-0.38426,-1.747147,-0.601192,-0.493495,-0.705313,-0.248567,-0.350568,-2.721246,-1.316053,-0.815877,-0.575118,-1.017277,-1.970616,-0.881074,-2.356547,-0.507519,-0.184024,-1.344862,-1.386158,-0.048177,-0.440932,-0.450874,-1.119186,-2.221849,-0.837734,-0.25649
apl8n,-0.859178,-0.439974,-0.052959,-1.185752,-0.568154,-0.330962,-0.912219,-0.588044,-0.76675,-0.087194,-0.377268,-0.582528,-0.343423,-1.003051,-0.532836,-0.434743,-0.440932,-0.312382,-0.977984,-0.405276,-1.605548,-0.746904,-0.192194,-0.662142,-0.492279,-2.552842,-0.540758,-0.463063,-0.788079,-0.278437,-0.392009,-3.522879,-2.09691,-0.637706,-0.486782,-1.152427,-2.468521,-0.74739,-2.508638,-0.543027,-0.250882,-1.630784,-1.585027,-0.046047,-0.721018,-0.457922,-0.165516,-2.161151,-0.825068,-0.286341
apl8p,-0.73471,-0.398157,-0.05463,-0.672233,-0.491605,-0.324772,-0.417255,-0.570248,-0.629487,-0.084706,-0.823619,-0.371203,-0.389553,-0.796695,-0.280337,-0.443577,-3.221849,-0.325506,-0.813326,-0.360812,-1.66354,-0.426316,-0.161403,-0.583193,-0.41375,-1.508638,-0.510042,-0.477947,-0.747632,-0.207748,-0.332454,-2.318759,-1.44855,-0.594142,-0.54546,-1.189096,-2.065502,-0.84436,-2.267606,-0.337148,-0.225775,-1.393619,-1.367543,-0.060531,-0.609418,-0.486516,-0.164753,-2.259637,-0.757707,-0.230992
att99atc,-1.823909,-0.724458,-0.086451,-0.784362,-0.842543,-0.302335,-0.257118,-0.767766,-1.415669,-0.053646,-0.639596,-0.332267,-1.403403,-0.679854,-0.10863,-0.555175,-2.522879,-0.276544,-1.337242,-0.358625,-1.200659,-0.46382,-0.268814,-1.043351,-0.298778,-1.376751,-0.596536,-0.452718,-0.520137,-0.507379,-0.294222,-4.0,-1.179799,-0.438899,-0.640734,-0.769807,-1.425969,-0.878769,-1.853872,-0.360115,-0.209644,-3.39794,-0.823041,-0.081341,-0.436875,-0.350665,-1.12436,-2.619789,-0.979639,-0.363813
att99atdc,-2.161151,-0.578067,-0.04412,-0.639217,-0.665949,-0.249955,-0.303207,-0.621239,-0.705313,-0.07053,-0.531062,-0.345631,-0.583359,-0.648784,-0.13632,-0.540608,-2.920819,-0.279345,-1.226945,-0.364919,-1.046724,-0.447453,-0.236347,-0.621602,-0.293197,-1.458421,-0.540005,-0.604848,-0.389766,-0.501552,-0.293282,-1.458421,-1.254925,-0.450384,-0.672845,-0.79129,-1.453457,-0.544394,-1.74958,-0.345438,-0.204815,-1.539102,-1.104577,-0.111708,-0.412177,-0.420559,-0.868702,-1.21467,-0.957424,-0.343998
att99atde,-1.581699,-0.525638,-0.043447,-0.679854,-0.60206,-0.249183,-0.279923,-0.641304,-0.569925,-0.056258,-0.501001,-0.316053,-0.504178,-0.56655,-0.150826,-0.540608,-2.39794,-0.282163,-1.034328,-0.360912,-0.945004,-0.674074,-0.238147,-0.559878,-0.294992,-1.386158,-0.546835,-0.570248,-0.404504,-0.504872,-0.314796,-1.759451,-1.019088,-0.301291,-0.65738,-0.678402,-1.41005,-0.563996,-1.847712,-0.366633,-0.198871,-1.545155,-1.093665,-0.120216,-0.452595,-0.414426,-0.847712,-2.283997,-0.942714,-0.318849
att99ate,-0.934794,-0.646853,-0.086451,-0.727926,-0.780677,-0.302335,-0.256255,-0.767766,-1.107349,-0.053646,-0.562884,-0.332267,-1.403403,-0.608359,-0.168002,-0.555175,-2.522879,-0.299296,-1.260428,-0.363813,-1.245652,-0.750802,-0.27043,-1.043351,-0.291324,-1.478862,-0.635449,-0.530178,-0.520137,-0.508078,-0.293453,-4.0,-1.037631,-0.438899,-0.664141,-0.762205,-1.414539,-0.843148,-1.920819,-0.360115,-0.209644,-2.30103,-0.975925,-0.081341,-0.413863,-0.388595,-1.008331,-2.958607,-0.959398,-0.381952
cirtrc82,-2.853872,-1.49485,-0.524619,-1.560667,-1.519993,-4.0,-1.251037,-1.616185,-4.0,-0.912929,-4.0,-1.910095,-2.39794,-1.342944,-1.484126,-1.630784,-3.69897,-1.208309,-2.79588,-1.669586,-1.809668,-2.522879,-3.522879,-1.286509,-1.764472,-1.254925,-2.638272,-1.939302,-4.0,-0.856985,-0.985479,-4.0,-3.69897,-1.113509,-0.947306,-1.899629,-1.785156,-1.809668,-2.853872,-2.337242,-4.0,-1.939302,-3.154902,-4.0,-1.399027,-2.107905,-4.0,-4.0,-2.638272,-1.899629
CL99SD,-1.175874,-0.59568,-0.138107,-0.585695,-0.408713,-0.286677,-0.488919,-0.525492,-0.630599,-0.100125,-0.435926,-0.410833,-0.477556,-0.722849,-0.442132,-0.26552,-0.430275,-0.501965,-0.434979,-0.36271,-0.992679,-0.595851,-0.124013,-0.851706,-0.243668,-0.361012,-0.380802,-0.327717,-0.202455,-0.07099,-0.511449,-2.537602,-1.175224,-0.327071,-0.296451,-0.666351,-1.112946,-0.767512,-0.991826,-0.613144,-0.419417,-0.803271,-1.280669,-0.006961,-0.351347,-0.487716,-0.386898,-0.74521,-1.002614,-0.465086
CL99SDopt1,-1.089376,-0.643783,-0.136975,-0.551448,-0.397072,-0.296881,-0.422278,-0.487983,-0.559091,-0.104467,-0.44636,-0.429807,-0.399027,-0.66294,-0.387216,-0.283579,-0.459045,-0.354676,-0.253132,-0.338187,-0.996971,-0.592949,-0.157953,-0.795609,-0.249492,-0.335546,-0.354971,-0.351542,-0.213888,-0.07099,-0.436875,-3.154902,-1.400117,-0.389021,-0.283496,-0.651306,-1.059484,-0.758205,-0.971022,-0.507379,-0.266402,-0.850165,-1.289883,-0.016238,-0.292004,-0.472499,-0.420331,-0.789147,-1.032452,-0.46572
CL99SDopt2,-0.749336,-0.555487,-0.171791,-0.582861,-0.396314,-0.304781,-0.427477,-0.489187,-0.55752,-0.124418,-0.434624,-0.445632,-0.399354,-0.708409,-0.377993,-0.271322,-0.570086,-0.662341,-0.25065,-0.373249,-1.142668,-0.596022,-0.156082,-0.789681,-0.310425,-0.321391,-0.340654,-0.359717,-0.212681,-0.07099,-0.427361,-3.30103,-1.44855,-0.409381,-0.292174,-0.611366,-1.115771,-0.764219,-0.983803,-0.583859,-0.222936,-0.843148,-1.440093,-0.114865,-0.24703,-0.497846,-0.589898,-0.769807,-1.094204,-0.637895
CL99XT,-0.671417,-0.642065,-0.405829,-0.682564,-0.443697,-0.237396,-0.232399,-0.514847,-0.649946,-0.134837,-0.452471,-0.406271,-0.537902,-0.637141,-0.466991,-0.267445,-0.382475,-0.282996,-0.382475,-0.356054,-1.022734,-0.592439,-0.124187,-0.63865,-0.244506,-0.213462,-0.518128,-0.352911,-0.147825,-0.089109,-0.536406,-2.161151,-1.146302,-0.239351,-0.305922,-0.719649,-1.175874,-0.657775,-1.019997,-0.475604,-0.216025,-0.920819,-1.221126,-0.02558,-0.156394,-0.631899,-0.371611,-0.681937,-0.92775,-0.462433
CL99XTopt,-0.62233,-0.683401,-0.407379,-0.646084,-0.397181,-0.23151,-0.226799,-0.532096,-0.734475,-0.136737,-0.459545,-0.411953,-0.474696,-0.635449,-0.449894,-0.280503,-0.401319,-0.308123,-0.232621,-0.317494,-1.022734,-0.568475,-0.116395,-0.640734,-0.292856,-0.229737,-0.527536,-0.379344,-0.154654,-0.081236,-0.521289,-2.275724,-1.227678,-0.245958,-0.309715,-0.703774,-1.142065,-0.652475,-1.031517,-0.462559,-0.185153,-0.931443,-1.232844,-0.018136,-0.144784,-0.623788,-0.398592,-0.662142,-0.973875,-0.488518
disco1,-4.0,-4.0,-0.447453,-1.422508,-4.0,-1.025488,-0.714893,-1.90309,-1.422508,-0.385525,-4.0,-2.161151,-1.970616,-2.337242,-2.200659,-1.524329,-1.165579,-0.909389,-1.525784,-1.692504,-1.453457,-2.769551,-3.045757,-3.522879,-2.327902,-2.721246,-2.086186,-0.783834,-0.752518,-0.525056,-1.950782,-4.0,-4.0,-0.839832,-2.013228,-3.0,-2.091515,-2.086186,-3.09691,-1.585027,-0.384787,-4.0,-2.657577,-4.0,-4.0,-2.19382,-4.0,-3.522879,-1.598599,-2.619789
Dm8Nbn,-2.055517,-0.96417,-0.359022,-1.630784,-1.336299,-0.881735,-1.417937,-1.199283,-1.016825,-0.946154,-1.761954,-2.376751,-0.856361,-1.59346,-0.98843,-1.476254,-3.154902,-1.568636,-1.546682,-1.69037,-2.376751,-2.366532,-0.909037,-1.863279,-1.022734,-2.309804,-1.603801,-2.619789,-0.602581,-0.570732,-0.988007,-3.69897,-4.0,-1.10513,-1.578396,-2.387216,-1.754487,-2.309804,-0.879755,-2.045757,-0.514563,-4.0,-1.568636,-1.367543,-1.578396,-1.876148,-2.161151,-2.552842,-1.787812,-0.511308
Dm8NbnR,-2.267606,-1.316953,-0.418619,-1.600326,-1.427128,-0.78728,-1.425969,-1.105684,-1.042393,-0.811072,-2.431798,-2.045757,-1.283162,-1.47237,-1.011887,-0.973467,-2.259637,-1.50307,-2.221849,-1.267606,-1.742321,-1.413413,-0.895172,-1.60206,-0.852324,-2.167491,-1.178486,-2.79588,-0.66615,-0.497436,-0.589223,-3.221849,-3.522879,-0.8671,-1.017729,-2.568636,-1.630784,-1.510042,-1.812479,-1.995679,-0.549443,-4.0,-1.484126,-1.679854,-2.017729,-1.454693,-3.39794,-2.568636,-1.801343,-0.674074
Dm8TFbn,-1.829738,-0.599462,-0.098052,-0.756714,-0.84649,-0.897909,-0.757459,-0.77083,-0.610657,-0.334419,-0.55705,-3.045757,-0.659556,-0.795337,-0.406714,-1.034798,-3.154902,-1.55752,-0.822752,-1.457175,-2.568636,-2.173925,-0.226287,-0.913284,-0.794525,-2.853872,-0.893469,-1.344862,-0.706196,-0.388383,-1.128427,-4.0,-2.167491,-0.966174,-2.267606,-1.521434,-1.50724,-2.102373,-1.274905,-1.55752,-0.404614,-1.966576,-1.344862,-0.337525,-1.056011,-1.790485,-0.294735,-1.505845,-0.902396,-0.256961
Dm8TFidf,-1.829738,-0.59998,-0.098052,-0.756714,-0.84649,-0.897909,-0.757459,-0.77083,-0.610657,-0.333763,-0.55705,-3.045757,-0.658961,-0.795066,-0.406714,-1.034798,-3.154902,-1.55752,-0.822752,-1.457175,-2.568636,-2.173925,-0.227825,-0.913284,-0.794525,-2.853872,-0.893809,-1.344862,-0.705975,-0.388383,-1.127844,-4.0,-2.167491,-0.966174,-2.267606,-1.521434,-1.508638,-2.102373,-1.274905,-1.55752,-0.404614,-1.966576,-1.344862,-0.336959,-1.056011,-1.790485,-0.294735,-1.505845,-0.902396,-0.256961
Flab8as,-1.609065,-0.581865,-0.044408,-0.695725,-0.495529,-0.348238,-0.343902,-0.577903,-0.809949,-0.046917,-0.713095,-0.688246,-0.368759,-0.552067,-0.228633,-0.493766,-3.69897,-0.448062,-0.940058,-0.330776,-1.47237,-0.432151,-0.243364,-0.521289,-0.271159,-1.379864,-0.635074,-0.582528,-0.575772,-0.293538,-0.313096,-3.221849,-0.990124,-0.503762,-0.801068,-0.909037,-1.539102,-1.042393,-1.88941,-0.479516,-0.206279,-1.609065,-0.875822,-0.223953,-0.470441,-0.502241,-0.682354,-1.636388,-0.980468,-0.308211
Flab8at,-1.68403,-0.705975,-0.072938,-0.772885,-0.757707,-0.341893,-0.36181,-0.722849,-0.862329,-0.051001,-0.527097,-0.433563,-0.843148,-0.599289,-0.240559,-0.527536,-0.813892,-0.389553,-1.432974,-0.341035,-1.534617,-0.26512,-0.249029,-0.850781,-0.280006,-1.38405,-0.729787,-0.530915,-0.532836,-0.159267,-0.278932,-4.0,-1.057992,-0.389659,-0.810791,-0.928855,-1.649752,-0.935168,-1.752027,-0.709743,-0.203148,-2.39794,-0.79915,-0.169283,-0.503762,-0.363011,-0.923724,-2.346787,-1.034328,-0.298691
Flab8atd2,-2.267606,-0.636576,-0.043543,-0.671417,-0.55424,-0.344862,-0.362911,-0.56607,-0.796695,-0.041532,-0.79915,-1.667562,-0.353008,-0.557677,-0.276791,-0.517269,-3.522879,-0.38122,-0.999566,-0.341607,-1.378824,-0.27189,-0.23018,-0.514279,-0.280006,-1.173277,-0.539403,-0.532096,-0.557207,-0.218891,-0.277613,-3.0,-1.266803,-0.553774,-0.821887,-0.928486,-1.609065,-1.528708,-1.847712,-0.490394,-0.188961,-1.419075,-0.961777,-0.256177,-0.450384,-0.491066,-0.518844,-1.025028,-0.960983,-0.293709
Flab8atdn,-1.081445,-0.431916,-0.041197,-0.664141,-0.588212,-0.400117,-0.333763,-0.59329,-0.835945,-0.052223,-0.421017,-0.32744,-0.442854,-0.538052,-0.277448,-0.477686,-4.0,-0.343518,-0.708409,-0.311313,-1.917215,-0.310247,-0.211196,-0.558619,-0.283663,-0.889074,-0.670195,-0.477947,-0.578396,-0.305658,-0.316953,-3.522879,-0.918293,-0.319664,-0.768021,-0.736364,-1.525784,-1.289037,-1.603801,-0.425621,-0.214314,-2.356547,-0.831208,-0.228927,-0.556268,-0.401428,-0.187889,-0.831208,-0.920096,-0.292515
Flab8ax,-1.55752,-0.430392,-0.041771,-0.69037,-0.600499,-0.419759,-0.359618,-0.599462,-0.832387,-0.050366,-0.443095,-0.815593,-0.453457,-0.544698,-0.287266,-0.474049,-4.0,-0.348722,-0.736364,-0.323581,-1.793174,-0.284916,-0.215811,-0.554551,-0.305658,-0.881074,-0.681102,-0.504456,-0.570248,-0.277448,-0.298864,-3.69897,-0.974694,-0.274742,-0.779108,-0.799423,-1.508638,-1.247952,-1.636388,-0.498393,-0.225483,-1.774691,-0.893469,-0.229295,-0.537602,-0.381743,-0.082862,-1.153663,-0.856673,-0.291324
fub99a,-3.09691,-0.483465,-0.057744,-0.685711,-0.479516,-0.384576,-0.512296,-0.593801,-0.758952,-0.067476,-0.739929,-0.573326,-0.618163,-0.56928,-0.253833,-0.494579,-0.398809,-0.334888,-0.348528,-0.330683,-1.774691,-0.381429,-0.376027,-0.64474,-0.327902,-0.7734,-0.856673,-0.6874,-0.763715,-0.153477,-0.407046,-2.236572,-4.0,-0.312293,-0.843451,-1.305395,-1.943095,-0.729554,-0.763463,-0.752027,-0.215668,-1.625252,-0.873219,-0.431095,-0.670195,-0.330776,-0.143876,-0.949234,-0.823619,-0.206279
fub99td,-2.39794,-0.681102,-0.046869,-0.685711,-0.479516,-0.280586,-0.433916,-0.626536,-0.758952,-0.046724,-0.511873,-0.527829,-0.682564,-0.567031,-0.111147,-0.492414,-0.404283,-0.356054,-0.357931,-0.330218,-1.274905,-0.356054,-0.392652,-0.581865,-0.299123,-0.826231,-0.844968,-0.63097,-0.742802,-0.157266,-0.391688,-3.09691,-4.0,-0.331521,-0.71287,-1.35164,-1.943095,-0.722849,-0.733533,-0.666351,-0.22439,-2.008774,-0.839832,-0.49485,-0.504594,-0.309184,-0.950782,-1.241088,-0.952336,-0.20621
fub99tf,-3.30103,-0.50962,-0.05824,-0.691436,-0.487182,-0.348625,-0.47379,-0.569119,-0.744486,-0.041819,-0.731188,-0.673869,-0.605373,-0.56687,-0.171985,-0.480434,-0.420674,-0.334607,-0.354676,-0.345438,-1.774691,-0.418164,-0.314079,-0.583193,-0.361511,-0.824488,-0.913996,-0.708631,-0.742802,-0.18722,-0.34911,-2.522879,-4.0,-0.341702,-0.849244,-1.283162,-2.0,-0.741363,-0.730954,-0.756962,-0.190238,-1.605548,-0.957424,-0.346691,-0.704653,-0.334607,-0.147032,-0.96457,-0.865504,-0.213604
fub99tt,-3.30103,-0.510745,-0.054384,-0.689519,-0.49485,-0.347657,-0.46801,-0.574629,-0.746904,-0.041819,-0.728623,-0.685922,-0.618344,-0.591082,-0.163486,-0.483861,-0.416574,-0.334138,-0.352226,-0.349207,-1.782516,-0.453457,-0.307417,-0.575118,-0.36221,-0.818442,-0.891097,-0.698319,-0.730721,-0.18722,-0.302945,-2.552842,-4.0,-0.34911,-0.8671,-1.347754,-2.008774,-0.738261,-0.718285,-0.759451,-0.180061,-1.59346,-0.955852,-0.338282,-0.716247,-0.34515,-0.147459,-0.946154,-0.877784,-0.213675
GE8ATD3,-1.321482,-0.671824,-0.06414,-0.713993,-0.487049,-0.457175,-0.471083,-0.776764,-0.642828,-0.083704,-0.656198,-0.510182,-0.509901,-0.575282,-0.228927,-0.398266,-2.958607,-0.349013,-0.851706,-0.407601,-1.25649,-0.466228,-0.390086,-0.605023,-0.391046,-1.422508,-0.617443,-0.89279,-0.286762,-0.172954,-1.057496,-2.346787,-3.69897,-0.388808,-0.764724,-1.232844,-1.59346,-0.652475,-0.782779,-0.959793,-0.401757,-2.568636,-0.977572,-0.646276,-0.520281,-0.447332,-1.38405,-1.329754,-0.917574,-0.2468
GE8ATDN1,-0.717378,-0.482804,-0.054778,-0.695941,-0.387428,-0.931814,-0.537752,-0.810229,-0.495122,-0.137988,-0.645892,-0.546988,-0.336111,-0.795609,-0.187889,-0.44916,-1.17134,-0.340369,-0.794525,-0.45942,-1.109579,-0.620694,-0.400554,-0.654626,-0.436756,-0.844057,-0.764472,-0.79833,-0.32781,-0.156456,-0.538802,-2.30103,-1.585027,-0.639407,-0.768021,-1.354578,-1.707744,-0.669992,-0.69897,-0.9694,-0.316683,-3.045757,-0.997834,-0.751046,-0.812479,-0.50515,-1.548214,-0.911155,-0.783043,-0.270511
GE8ATDN2,-0.890421,-0.424466,-0.05532,-0.708853,-0.429807,-0.800794,-0.451733,-0.789414,-0.748605,-0.163613,-0.639596,-0.505845,-0.428175,-0.556268,-0.180785,-0.45942,-0.553929,-0.334325,-0.739213,-0.605198,-1.59346,-0.66274,-0.402744,-0.658368,-0.436282,-1.182435,-0.661743,-0.852633,-0.418733,-0.159267,-0.553618,-2.552842,-1.583359,-0.44794,-0.800794,-1.314258,-1.66354,-0.708853,-0.774949,-0.963371,-0.348625,-2.886057,-0.927383,-0.639407,-0.703554,-0.715569,-1.312471,-1.294992,-0.769807,-0.304606
GE8MTD2,-0.305044,-0.607479,-0.062031,-0.695079,-0.452225,-0.402305,-0.633764,-0.675512,-0.542421,-0.125692,-0.448062,-0.550367,-0.579879,-0.224244,-0.119758,-0.594654,-1.543634,-0.481223,-0.636576,-0.66354,-1.271646,-0.912574,-0.26568,-0.563519,-0.306713,-0.443456,-0.363312,-0.633017,-0.296881,-0.187889,-0.354381,-2.318759,-1.274905,-0.541967,-0.686344,-0.560194,-0.996539,-0.587707,-1.241088,-0.724458,-0.308476,-2.853872,-0.909389,-0.424466,-0.33885,-0.435334,-1.716699,-1.09691,-0.854182,-0.419303
ibmg99a,-2.39794,-0.839832,-0.053351,-0.909389,-1.007446,-0.353989,-0.84588,-0.714668,-1.122629,-0.061781,-0.580044,-0.619608,-0.620876,-0.699839,-0.375099,-0.458047,-0.532984,-0.418278,-0.572514,-0.374688,-1.178486,-0.690157,-0.446481,-0.601539,-0.257118,-1.578396,-0.73189,-0.670399,-0.442613,-0.28946,-0.962972,-2.431798,-0.983803,-0.468266,-1.027334,-1.415669,-2.327902,-0.719877,-1.337242,-0.648397,-0.180522,-1.643974,-0.98843,-0.205442,-0.70952,-1.126679,-0.512155,-1.37366,-1.160522,-0.406603
ibmg99b,-1.978811,-0.692932,-0.108686,-0.960586,-0.900665,-0.494036,-0.743282,-0.618344,-0.864231,-0.084442,-0.533874,-0.515415,-0.878769,-0.691222,-0.504733,-0.405829,-0.667764,-0.400881,-0.401319,-0.415895,-1.199283,-0.638272,-0.161214,-0.597739,-0.274497,-1.782516,-0.703116,-0.680686,-0.343998,-0.171856,-0.872247,-2.49485,-0.953895,-0.468521,-1.267606,-1.118045,-2.142668,-0.737312,-1.324222,-0.790485,-0.196202,-1.742321,-0.912574,-0.10824,-0.910448,-1.068542,-0.456926,-1.482804,-1.070581,-0.374996
ibmg99c,-2.39794,-0.787812,-0.203773,-0.912574,-1.200659,-0.68529,-1.076238,-0.861382,-1.353596,-0.065148,-0.74642,-0.668573,-2.853872,-0.765736,-2.070581,-0.476904,-0.799423,-0.555019,-0.677781,-0.403293,-1.321482,-0.694219,-0.446602,-0.68382,-0.276791,-1.716699,-0.731188,-0.807433,-0.431329,-0.442012,-1.181774,-2.013228,-2.229148,-0.480697,-1.037631,-1.585027,-2.420216,-1.209715,-1.359519,-0.734239,-0.541664,-1.681937,-1.002177,-0.639407,-1.115771,-1.447332,-0.652865,-1.866461,-1.062984,-0.488651
ibms99a,-2.244125,-0.641684,-0.054187,-0.668168,-0.550059,-0.321209,-0.555019,-0.600846,-0.812479,-0.042106,-0.636388,-0.529149,-0.648784,-0.621784,-0.159204,-0.443577,-0.465847,-0.579384,-0.590574,-0.327625,-1.283162,-0.389979,-0.219467,-0.615288,-0.301465,-1.316953,-0.576426,-0.499489,-0.853872,-0.162854,-0.639975,-1.835647,-1.247952,-0.432856,-0.724458,-1.129011,-1.534617,-0.64321,-1.126679,-0.551448,-0.164056,-1.60206,-0.768785,-0.139063,-0.522734,-0.371611,-0.629117,-1.428291,-0.882066,-0.364919
ibms99b,-2.086186,-0.928118,-0.100891,-0.742802,-0.689094,-0.300336,-0.514421,-0.786748,-0.922632,-0.042345,-0.59998,-0.564156,-1.106793,-0.681311,-0.20866,-0.437707,-0.490394,-0.405386,-0.603278,-0.317765,-1.38934,-0.425853,-0.228854,-0.811072,-0.285419,-1.268411,-0.702677,-0.488117,-0.932185,-0.17134,-0.562091,-2.080922,-1.321482,-0.472886,-0.583359,-1.123782,-1.585027,-0.664342,-1.130768,-0.555955,-0.160459,-1.886057,-1.037157,-0.294992,-0.49853,-0.365926,-0.672641,-1.958607,-1.070581,-0.422278
ibms99c,-2.853872,-0.4698,-0.155399,-0.605198,-0.481618,-0.511308,-0.628009,-0.60415,-0.767004,-0.089429,-0.936667,-1.023192,-0.48254,-0.6066,-0.213675,-0.466355,-0.469544,-1.022734,-0.565112,-0.36261,-1.229885,-0.477556,-0.163549,-1.174574,-0.349207,-2.236572,-0.536854,-0.729554,-0.741842,-0.183626,-0.76523,-1.61261,-1.571865,-0.438779,-1.017729,-1.156145,-1.844664,-0.623971,-1.181774,-1.087247,-0.275888,-3.30103,-0.958213,-0.314527,-0.581533,-1.182435,-0.665949,-1.598599,-0.958213,-0.287856
ic99dafb,-2.853872,-0.711751,-0.094474,-0.694434,-0.567993,-0.460798,-0.413525,-0.601539,-0.839531,-0.249569,-0.564793,-1.170696,-1.218963,-0.702239,-0.359519,-0.407268,-0.537003,-0.41128,-0.843451,-0.450016,-1.140862,-0.582694,-0.194499,-0.822752,-0.314348,-1.270026,-0.545003,-0.68403,-0.351445,-0.186352,-0.264721,-2.769551,-1.441291,-0.402744,-1.806875,-1.052566,-1.35164,-0.618344,-1.312471,-1.342944,-0.237847,-2.086186,-0.996971,-0.101604,-0.859492,-0.953895,-0.834162,-1.667562,-1.205512,-0.803824
iit99au1,-1.939302,-0.657183,-0.057694,-0.702239,-0.641875,-0.359221,-0.394372,-0.704653,-0.965372,-0.174834,-0.738737,-0.535064,-1.465974,-0.770574,-0.430626,-0.49485,-0.513853,-1.600326,-1.283162,-0.550059,-0.9859,-0.628747,-0.213036,-0.819301,-0.399681,-2.677781,-0.522589,-0.475474,-0.638461,-0.196406,-0.52739,-1.200659,-3.154902,-0.3213,-0.728158,-1.187755,-2.161151,-0.759201,-2.136677,-1.104577,-0.272703,-2.075721,-0.873219,-0.284665,-1.935542,-1.133713,-1.886057,-1.583359,-1.03292,-0.427593
iit99au2,-1.619789,-0.892112,-0.06118,-0.812479,-0.956638,-0.36191,-0.458296,-0.724689,-0.763463,-0.332267,-0.948462,-0.786748,-1.41005,-0.666754,-0.565112,-0.621239,-0.546376,-1.284833,-1.679854,-0.472241,-1.013228,-0.7716,-0.133063,-1.677781,-0.391795,-2.376751,-0.642065,-0.626353,-0.51159,-0.216597,-0.580871,-1.377786,-3.69897,-0.66736,-1.010105,-1.528708,-1.863279,-1.432974,-2.080922,-0.89279,-0.24527,-2.481486,-0.976336,-0.322758,-1.756962,-0.935917,-1.009217,-1.47237,-0.893129,-0.413075
iit99ma1,-0.390833,-0.659159,-0.122398,-0.439615,-0.38258,-0.328827,-0.234108,-0.723538,-0.394372,-0.06138,-0.579714,-0.385525,-0.283579,-0.374071,-0.106627,-0.168002,-0.729088,-0.954286,-0.397723,-0.242832,-1.112383,-0.537452,-0.089536,-0.709075,-0.227532,-0.24504,-0.263444,-0.346209,-0.052713,-0.018453,-0.35125,-2.187087,-1.402305,-0.308742,-0.579055,-0.477556,-1.328827,-0.736838,-1.143271,-0.503624,-0.162222,-0.885723,-2.49485,-0.124939,-0.561141,-0.467246,4.3e-05,-0.641875,-0.839231,-0.431212
INQ601,-1.562249,-0.946154,-0.12983,-0.828859,-1.353596,-0.411616,-0.544546,-0.811353,-0.74642,-0.054433,-0.730721,-0.578396,-1.489455,-0.579384,-0.55705,-0.54485,-1.295849,-0.561458,-1.348722,-0.400444,-1.505845,-0.338945,-0.300509,-0.916497,-0.379864,-1.818156,-0.854804,-0.555331,-0.463315,-0.287098,-0.798603,-2.537602,-2.013228,-0.522734,-0.658565,-1.218245,-1.560667,-0.690583,-1.365523,-0.707966,-0.192397,-1.939302,-0.842543,-0.241845,-0.666956,-0.603801,-0.487449,-2.148742,-1.143876,-0.509339
INQ602,-2.167491,-0.678816,-0.039767,-0.659556,-0.580705,-0.469544,-0.504178,-0.577574,-0.675923,-0.098052,-0.61261,-0.950782,-0.375924,-0.748119,-0.249106,-0.54485,-2.744727,-0.550522,-0.992679,-0.405829,-1.063486,-0.338945,-0.270026,-0.884722,-0.379864,-1.962574,-0.579384,-0.480434,-0.431798,-0.310602,-0.798603,-1.68403,-3.522879,-0.522734,-0.649171,-1.136083,-1.747147,-0.643401,-1.151811,-0.818728,-0.205582,-4.0,-1.179142,-0.349401,-0.659556,-1.248721,-0.507519,-1.337242,-0.926282,-0.917574
INQ603,-1.61261,-0.626536,-0.041102,-0.721246,-0.82594,-0.374482,-0.488919,-0.631155,-0.634699,-0.064896,-0.553152,-0.696804,-0.875822,-0.681311,-0.226214,-0.54485,-1.821023,-0.511026,-1.000435,-0.397072,-1.179142,-0.338945,-0.285251,-0.607655,-0.379864,-1.882729,-0.596536,-0.492954,-0.421361,-0.222573,-0.798603,-1.774691,-1.809668,-0.522734,-0.612254,-1.149967,-1.598599,-0.65267,-1.249492,-0.675923,-0.175874,-2.119186,-0.668978,-0.264241,-0.611189,-0.640924,-0.435689,-1.386158,-0.979225,-0.750068
INQ604,-1.679854,-0.455808,-0.036496,-0.738024,-0.82594,-0.390726,-0.50696,-0.596536,-0.620332,-0.100563,-0.537003,-0.583526,-0.668775,-0.705534,-0.356844,-0.437945,-1.031517,-0.363412,-0.906929,-0.386581,-1.339135,-0.304606,-0.306537,-0.599117,-0.387746,-1.079877,-0.565271,-0.400772,-0.413638,-0.222573,-0.786217,-1.806875,-1.590067,-0.453457,-0.614572,-0.842846,-1.598599,-0.641494,-1.146302,-0.693575,-0.197568,-2.119186,-0.680062,-0.279675,-0.705093,-0.832683,-0.345342,-1.220404,-0.941574,-0.465213
isa25,-4.0,-2.236572,-1.031517,-4.0,-3.69897,-4.0,-3.045757,-3.69897,-4.0,-4.0,-4.0,-4.0,-4.0,-4.0,-4.0,-4.0,-2.744727,-4.0,-4.0,-4.0,-4.0,-3.30103,-1.677781,-2.49485,-4.0,-4.0,-4.0,-3.30103,-3.39794,-4.0,-4.0,-4.0,-4.0,-3.69897,-2.958607,-3.522879,-4.0,-4.0,-4.0,-4.0,-3.69897,-4.0,-3.30103,-4.0,-3.30103,-4.0,-4.0,-4.0,-3.69897,-4.0
isa25t,-2.769551,-1.841638,-0.503209,-4.0,-4.0,-4.0,-0.874194,-1.024568,-3.522879,-4.0,-4.0,-3.221849,-3.221849,-3.30103,-1.853872,-4.0,-2.207608,-4.0,-2.79588,-1.106238,-1.966576,-4.0,-1.473661,-1.603801,-2.19382,-2.29243,-4.0,-1.340084,-2.366532,-1.88941,-2.552842,-4.0,-3.69897,-2.823909,-2.026872,-1.598599,-2.283997,-2.585027,-3.221849,-2.420216,-0.369572,-4.0,-1.640165,-4.0,-1.838632,-4.0,-4.0,-3.522879,-3.522879,-1.317855
isa50,-3.30103,-1.767004,-0.431916,-4.0,-4.0,-3.69897,-1.312471,-0.96138,-4.0,-4.0,-3.30103,-3.522879,-3.045757,-3.221849,-2.119186,-4.0,-2.045757,-4.0,-4.0,-1.266803,-2.537602,-3.30103,-3.522879,-1.619789,-2.200659,-2.022276,-4.0,-1.692504,-3.0,-1.254145,-2.853872,-4.0,-4.0,-2.309804,-1.725842,-3.39794,-3.09691,-3.221849,-3.09691,-3.045757,-2.070581,-4.0,-1.774691,-0.753009,-1.707744,-2.200659,-4.0,-3.30103,-3.522879,-1.645892
isa50t,-2.769551,-1.841638,-0.503209,-4.0,-4.0,-4.0,-0.874194,-1.024568,-3.522879,-4.0,-4.0,-3.221849,-3.221849,-3.30103,-1.853872,-4.0,-2.207608,-4.0,-2.79588,-1.106238,-1.966576,-4.0,-1.473661,-1.603801,-2.19382,-2.29243,-4.0,-1.340084,-2.366532,-1.88941,-2.552842,-4.0,-3.69897,-2.823909,-2.026872,-1.598599,-2.283997,-2.585027,-3.221849,-2.420216,-0.369572,-4.0,-1.640165,-4.0,-1.838632,-4.0,-4.0,-3.522879,-3.522879,-1.317855
kdd8ps16,-1.818156,-0.902743,-0.121019,-1.07263,-1.28567,-0.965372,-2.283997,-0.623423,-0.656001,-0.108574,-0.857924,-1.254145,-1.083546,-0.830326,-0.72538,-0.552842,-0.61997,-0.930702,-1.342944,-0.753994,-2.154902,-2.522879,-0.314886,-0.983384,-4.0,-1.688246,-0.83357,-1.268411,-0.519849,-0.283496,-0.563678,-3.154902,-1.774691,-0.693361,-1.440093,-1.127261,-1.978811,-0.955852,-1.349692,-1.300162,-0.294906,-4.0,-1.202732,-2.148742,-1.375718,-0.925549,-1.259637,-1.661544,-1.062482,-0.305658
kdd8qe01,-1.723538,-1.414539,-0.169283,-0.893809,-0.549289,-0.62672,-2.420216,-0.931814,-0.742082,-0.340274,-0.825359,-1.645892,-1.30103,-1.045757,-0.243744,-0.627825,-1.170053,-1.412289,-1.906578,-1.241845,-3.69897,-1.8041,-0.466355,-1.361511,-4.0,-3.69897,-0.823909,-1.193142,-1.034798,-0.281664,-1.69037,-3.39794,-2.79588,-1.019542,-3.39794,-1.012781,-1.673664,-1.352617,-2.420216,-1.359519,-0.393081,-4.0,-1.962574,-4.0,-0.468138,-1.673664,-4.0,-1.74958,-1.401209,-0.956245
kdd8sh16,-2.79588,-1.344862,-0.206838,-1.227678,-1.434152,-0.796695,-2.468521,-0.602929,-0.703774,-0.059484,-0.809108,-1.343902,-1.510042,-0.786748,-0.662341,-0.567191,-0.616723,-1.119758,-1.505845,-0.708187,-1.931814,-2.251812,-0.384366,-0.90763,-3.30103,-1.899629,-0.94424,-1.247184,-0.473402,-0.323215,-4.0,-3.09691,-2.69897,-0.682146,-1.621602,-1.667562,-1.832683,-0.948847,-1.082494,-1.543634,-0.258533,-4.0,-1.210419,-2.161151,-1.310691,-0.998699,-1.686133,-1.681937,-1.113509,-0.411392
kuadhoc,-1.465974,-1.244125,-0.366835,-1.632644,-0.522011,-3.0,-3.522879,-0.700057,-1.024568,-0.247184,-1.782516,-2.886057,-1.215383,-3.221849,-1.910095,-1.539102,-4.0,-4.0,-2.79588,-2.585027,-2.091515,-2.366532,-1.156145,-2.060481,-1.705534,-4.0,-1.326058,-4.0,-1.143271,-0.676129,-2.431798,-4.0,-4.0,-3.522879,-2.09691,-3.0,-1.617983,-1.759451,-2.161151,-3.30103,-0.549289,-4.0,-2.585027,-0.253989,-1.167491,-2.853872,-3.522879,-1.769551,-1.554396,-0.686555
mds08a1,-2.080922,-0.868381,-0.149415,-0.883392,-1.527244,-0.513145,-0.621602,-0.931814,-1.002614,-0.064896,-0.997402,-0.802719,-1.031984,-0.665345,-0.666553,-0.451856,-1.331614,-0.390726,-1.210419,-0.453704,-1.476254,-0.704873,-0.206,-2.09691,-0.31399,-1.508638,-0.962574,-0.571541,-0.458546,-0.525492,-0.305219,-4.0,-0.859178,-0.459295,-1.380907,-1.815309,-1.67162,-0.763211,-1.744727,-0.993534,-0.182435,-1.353596,-0.765989,-0.041532,-0.738024,-0.857611,-0.50515,-2.004365,-1.158641,-0.521722
mds08a2,-2.207608,-0.724919,-0.119129,-0.748605,-0.980053,-0.514847,-0.684449,-0.67162,-0.82594,-0.078938,-0.805208,-1.359519,-0.748605,-0.682773,-0.382895,-0.455188,-1.638272,-0.381534,-1.026872,-0.488384,-1.488117,-0.734946,-0.167619,-1.954677,-0.323855,-1.798603,-0.741123,-0.643401,-0.492144,-0.299902,-0.324772,-2.431798,-1.123205,-0.433563,-1.41005,-1.847712,-1.492144,-0.736838,-1.876148,-1.232844,-0.187555,-1.657577,-1.058986,-0.120159,-0.727462,-1.293282,-0.223589,-1.735182,-1.021363,-0.318397
mds08a3,-1.677781,-0.440093,-0.123724,-0.763463,-0.955852,-0.634512,-0.703554,-0.647046,-0.713993,-0.138525,-0.606425,-1.67162,-0.617983,-0.728856,-0.544698,-0.745452,-1.737549,-0.364919,-0.672641,-0.825359,-1.958607,-1.009661,-0.112833,-1.381952,-0.439018,-1.338187,-0.744727,-0.657577,-0.469672,-0.353989,-0.423083,-3.69897,-0.89279,-0.552067,-1.917215,-1.530178,-1.573489,-1.222573,-1.528708,-1.315155,-0.183626,-2.420216,-1.182435,-0.131356,-0.94577,-1.863279,-0.031237,-1.578396,-0.919374,-0.255785
mds08a4,-2.19382,-0.753009,-0.076342,-0.762456,-0.858864,-0.457673,-0.503901,-0.673664,-0.889747,-0.040386,-0.815309,-2.055517,-0.530031,-0.505428,-0.352324,-0.529443,-1.531653,-0.302596,-1.097453,-0.507379,-1.598599,-1.073143,-0.202525,-1.790485,-0.361611,-1.380907,-0.872895,-0.667966,-0.690796,-0.239804,-0.289121,-2.468521,-1.198596,-0.647817,-1.59176,-1.607303,-1.39794,-0.629672,-1.583359,-1.522879,-0.159768,-1.338187,-1.104025,-0.03161,-0.656394,-1.114074,-0.046724,-1.91364,-0.95117,-0.330311
mds08a5,-1.737549,-0.822752,-0.074121,-0.821023,-1.747147,-0.382895,-0.462433,-0.852942,-0.998699,-0.042058,-0.911864,-1.396856,-0.786217,-0.491605,-0.586868,-0.526367,-1.099087,-0.288699,-1.360514,-0.464326,-1.519993,-1.008331,-0.215882,-2.026872,-0.359419,-1.205512,-1.008331,-0.590743,-0.676748,-0.692076,-0.284582,-4.0,-1.226214,-0.711304,-1.856985,-1.669586,-1.537602,-0.695509,-1.565431,-1.096367,-0.152612,-1.241845,-0.735418,-0.032592,-0.653647,-0.569441,-0.53551,-2.275724,-1.007005,-0.366027
Mer8Adtd1,-1.596879,-0.725611,-0.260269,-0.664141,-0.959398,-0.48825,-0.673459,-0.615647,-0.681102,-0.074946,-0.736364,-0.805208,-1.101275,-0.68424,-0.455808,-0.585695,-0.463063,-0.403513,-1.44855,-0.479255,-1.455932,-0.601366,-0.2926,-0.642065,-0.407268,-1.522879,-0.728856,-0.855737,-0.340845,-0.31256,-0.301465,-2.39794,-1.638272,-0.543482,-1.209715,-1.50307,-1.338187,-0.665949,-1.402305,-1.251812,-0.326795,-2.004365,-1.039529,-0.188425,-1.0,-0.842543,-1.514279,-1.137272,-0.935168,-0.620332
Mer8Adtd2,-1.596879,-0.725611,-0.260269,-0.664141,-0.959398,-0.48825,-0.673459,-0.615647,-0.681102,-0.074946,-0.736364,-0.805208,-1.101275,-0.68424,-0.455808,-0.585695,-0.463063,-0.403513,-1.44855,-0.479255,-1.455932,-0.601366,-0.2926,-0.642065,-0.407268,-1.522879,-0.728856,-0.855737,-0.340845,-0.31256,-0.301465,-2.39794,-1.638272,-0.543482,-1.209715,-1.50307,-1.338187,-0.665949,-1.402305,-1.251812,-0.326795,-2.004365,-1.039529,-0.188425,-1.0,-0.842543,-1.514279,-1.137272,-0.935168,-0.620332
Mer8Adtd4,-1.560667,-0.611189,-0.241239,-0.70952,-0.509339,-0.379968,-0.54106,-0.731422,-0.832683,-0.153045,-0.602408,-0.483994,-0.873869,-0.844057,-0.194703,-0.561458,-0.417028,-1.169411,-1.478862,-0.412963,-1.294136,-0.538052,-0.380385,-1.019542,-0.537752,-1.299296,-0.76675,-0.722391,-0.581367,-0.262013,-0.521722,-1.962574,-2.036212,-0.541211,-1.187087,-1.274088,-1.042393,-0.505845,-2.180456,-1.425969,-0.353204,-2.107905,-1.017277,-0.287266,-0.701365,-0.59363,-1.882729,-0.968188,-1.009217,-0.619789
Mer8Adtnd3,-0.98464,-0.396531,-0.334044,-0.638083,-0.880085,-0.542724,-0.623423,-0.604499,-0.646276,-0.099578,-0.581202,-0.856985,-0.755228,-0.708409,-0.562408,-0.527975,-0.461049,-0.413976,-0.888066,-0.644548,-1.974694,-0.778586,-0.248721,-0.667764,-0.425506,-1.183759,-0.686344,-0.862329,-0.368658,-0.338282,-0.31399,-2.552842,-1.08302,-0.484259,-1.236572,-1.158641,-1.421361,-0.733533,-1.177832,-1.211832,-0.327164,-2.026872,-1.095826,-0.21403,-1.089909,-0.824488,-1.266803,-1.154282,-0.772628,-0.410162
MITSLStd,-1.356547,-0.615647,-0.079147,-0.637141,-0.94962,-0.314169,-0.505289,-0.573001,-0.739452,-0.062131,-0.550059,-0.611721,-1.007005,-0.635637,-0.308123,-0.523313,-0.677367,-0.322758,-0.86774,-0.330776,-1.395774,-0.46572,-0.151011,-0.512014,-0.262569,-1.47237,-0.510182,-0.565431,-0.536107,-0.129596,-0.381638,-2.677781,-0.835647,-0.382371,-1.115771,-1.077794,-1.300162,-0.600153,-1.732828,-1.02365,-0.146545,-1.590067,-0.50515,-0.053204,-0.612788,-0.610657,-0.643401,-1.549751,-1.239578,-0.297742
MITSLStdn,-0.742802,-0.421246,-0.08497,-0.579055,-0.814458,-0.38405,-0.476514,-0.518414,-0.546988,-0.045613,-0.465466,-0.506124,-0.645507,-0.581367,-0.433445,-0.513003,-0.593971,-0.314796,-0.716699,-0.402524,-1.607303,-0.394049,-0.149476,-0.507659,-0.277202,-0.997834,-0.56655,-0.570409,-0.520713,-0.126854,-0.326703,-2.69897,-0.76904,-0.26536,-0.921543,-0.942714,-1.369572,-0.599289,-1.906578,-1.073658,-0.147398,-1.625252,-0.547907,-0.083493,-0.679854,-0.4832,-0.401866,-1.366532,-0.98464,-0.251657
nttd8al,-2.21467,-0.478208,-0.06143,-0.79129,-0.925915,-0.633577,-0.394803,-0.605373,-0.55705,-0.106072,-0.417255,-0.716021,-0.638272,-0.535361,-0.432738,-0.424004,-0.655215,-0.378928,-0.679854,-0.391688,-1.385103,-0.6362,-0.149415,-0.535958,-0.36241,-1.154282,-0.635261,-0.7734,-0.414765,-0.298691,-0.322484,-3.154902,-0.994819,-0.392438,-0.888401,-1.112383,-1.50724,-0.813609,-1.440093,-0.825649,-0.24634,-1.787812,-0.970616,-0.174249,-1.145694,-0.818728,-0.308035,-1.332547,-0.881074,-0.296451
nttd8ale,-2.638272,-0.499764,-0.073966,-0.667562,-0.592439,-0.527244,-0.349304,-0.6362,-0.579879,-0.107961,-0.383,-0.764472,-0.592609,-0.675306,-0.395342,-0.402195,-0.567993,-0.391581,-0.508218,-0.493089,-1.330683,-0.389872,-0.147398,-0.590236,-0.434388,-1.125518,-0.658961,-0.702458,-0.540306,-0.185286,-0.345631,-2.721246,-1.026872,-0.426548,-0.813892,-1.022276,-1.320572,-0.707522,-1.263603,-0.929224,-0.232028,-2.017729,-1.001741,-0.174055,-1.143876,-0.466991,-0.273436,-1.424812,-0.888737,-0.289967
nttd8alx,-2.21467,-0.478208,-0.073966,-0.79129,-0.592439,-0.633577,-0.394803,-0.6362,-0.55705,-0.107961,-0.383,-0.716021,-0.638272,-0.535361,-0.432738,-0.424004,-0.655215,-0.378928,-0.679854,-0.391688,-1.385103,-0.6362,-0.147398,-0.590236,-0.36241,-1.154282,-0.658961,-0.702458,-0.540306,-0.185286,-0.322484,-2.721246,-0.994819,-0.392438,-0.888401,-1.112383,-1.50724,-0.707522,-1.440093,-0.929224,-0.232028,-2.017729,-1.001741,-0.174055,-1.145694,-0.818728,-0.308035,-1.332547,-0.881074,-0.296451
nttd8am,-2.075721,-0.661942,-0.058091,-0.79129,-0.925915,-0.470441,-0.41533,-0.639407,-0.638272,-0.075928,-0.487983,-0.665144,-1.310691,-0.577082,-0.323124,-0.488384,-0.465086,-0.601886,-1.001741,-0.451242,-1.281498,-0.637518,-0.18409,-0.571541,-0.337809,-1.50724,-0.579219,-0.750557,-0.429457,-0.303294,-0.321209,-3.30103,-0.967784,-0.393404,-0.931443,-1.217527,-1.50724,-0.618344,-1.404504,-0.793714,-0.214243,-1.705534,-0.87517,-0.173731,-0.950782,-0.756962,-0.699839,-1.406714,-1.044312,-0.348238
nttd8ame,-2.619789,-0.572676,-0.083651,-0.667562,-0.592439,-0.436994,-0.326242,-0.614215,-0.676748,-0.099087,-0.555019,-0.965773,-1.4698,-0.632085,-0.169411,-0.505567,-0.411504,-1.02365,-0.789949,-0.66035,-1.339135,-0.36171,-0.211478,-0.689944,-0.438779,-1.496209,-0.570086,-0.694219,-0.573164,-0.191047,-0.372532,-2.327902,-0.994391,-0.611366,-0.708187,-1.232102,-1.320572,-0.616903,-0.973467,-0.929224,-0.200522,-1.546682,-0.949234,-0.219755,-0.738024,-0.441291,-0.452964,-1.49485,-1.134896,-0.341321
ok8alx,-1.651695,-0.363512,-0.059384,-0.594654,-0.993534,-0.388171,-0.44406,-0.598944,-0.722849,-0.112608,-0.402195,-0.305483,-0.341035,-0.670602,-0.26512,-0.435926,-0.457797,-0.345246,-0.777024,-0.299469,-1.390406,-0.299729,-0.193888,-0.619789,-0.257353,-0.941954,-0.469672,-0.535809,-0.451365,-0.221921,-0.438779,-1.823909,-1.275724,-0.352617,-0.790485,-1.003488,-1.367543,-0.590067,-1.417937,-0.583193,-0.24344,-1.568636,-1.067019,-0.200384,-0.84436,-0.58203,-0.15764,-1.107349,-0.736601,-0.286006
ok8amxc,-1.987163,-0.526659,-0.071399,-0.609065,-0.742082,-0.321118,-0.426548,-0.603278,-0.720789,-0.060331,-0.450384,-0.688246,-0.434743,-0.713993,-0.184024,-0.452225,-0.586365,-0.323855,-0.795066,-0.28208,-1.173277,-0.430392,-0.216382,-0.512296,-0.246877,-1.575118,-0.46801,-0.524474,-0.434388,-0.254769,-0.415104,-1.289037,-1.661544,-0.287856,-0.774432,-0.948847,-1.677781,-0.560983,-1.838632,-0.554863,-0.24003,-1.562249,-1.041436,-0.133713,-0.604499,-0.571865,-0.23114,-1.071604,-0.906228,-0.331707
ok8asxc,-1.793174,-0.678402,-0.054926,-0.620694,-1.221849,-0.348334,-0.340654,-0.912574,-0.880414,-0.085816,-0.460798,-0.447332,-1.583359,-0.609949,-0.182236,-0.59346,-0.45618,-0.321482,-0.84588,-0.296451,-1.036684,-0.435452,-0.269137,-0.993106,-0.270673,-1.58838,-0.389979,-0.564315,-0.672641,-0.220909,-0.34218,-3.045757,-2.004365,-0.287856,-0.744245,-1.330683,-1.356547,-0.656788,-1.730487,-0.560983,-0.415556,-1.815309,-1.138466,-0.162854,-0.667158,-0.717151,-0.577739,-1.361511,-1.008774,-0.523603
orcl99man,-0.438779,-0.715795,-0.098542,-0.603452,-0.507938,-0.450751,-0.31158,-0.436638,-0.559721,-0.08661,-0.906578,-0.460798,-0.53551,-0.346112,-0.341035,-0.366936,-0.920096,-0.192668,-0.65014,-0.417028,-0.750313,-0.339229,-0.050122,-0.680686,-0.295421,-0.244811,-0.378201,-0.295506,-0.010595,-0.161844,-0.40749,-0.423083,-1.939302,-0.398375,-0.348819,-0.243212,-1.425969,-0.777804,-0.616723,-0.290391,-0.186419,-0.6066,-1.492144,-0.070939,-0.165452,-0.764724,4.3e-05,-0.829152,-0.87517,-0.300856
pir9Aa1,-2.148742,-0.541211,-0.133713,-0.653843,-0.874844,-0.469672,-0.699405,-0.589898,-0.723998,-0.201902,-0.552532,-1.126098,-0.558776,-0.709075,-0.586197,-0.451979,-1.101275,-0.356153,-0.716247,-0.310159,-1.329754,-0.806875,-0.127494,-0.627272,-0.480829,-0.968592,-0.633764,-0.476774,-0.469544,-0.189835,-0.471726,-2.221849,-0.817015,-0.83062,-0.945004,-1.223299,-1.728158,-1.241845,-1.850781,-0.772885,-0.128836,-2.19382,-1.040482,-0.121191,-0.851397,-1.178486,-0.074275,-1.850781,-1.002614,-0.323672
pir9Aatd,-2.229148,-0.514563,-0.084389,-0.633017,-0.537303,-0.305658,-0.404835,-0.591251,-0.958213,-0.06128,-0.428757,-0.367948,-0.542875,-0.639975,-0.243516,-0.481354,-0.776504,-0.338755,-0.93442,-0.228927,-1.054531,-0.404283,-0.246264,-0.593119,-0.429224,-0.565271,-0.503485,-0.539854,-0.70952,-0.166343,-0.37059,-2.39794,-1.377786,-0.367745,-0.655804,-0.63097,-1.995679,-0.796967,-1.605548,-0.575118,-0.152859,-1.531653,-1.065502,-0.066007,-0.512579,-0.396098,-0.019497,-1.132533,-0.908685,-0.393189
pir9At0,-1.605548,-0.618344,-0.078106,-0.693789,-0.644357,-0.390086,-0.464453,-0.721933,-0.884389,-0.040148,-0.449772,-0.563996,-1.120904,-0.636952,-0.284916,-0.487049,-1.151195,-0.341512,-1.006564,-0.197911,-1.08831,-0.348044,-0.254925,-0.774432,-0.324313,-0.545613,-0.682982,-0.396964,-0.608536,-0.173472,-0.328457,-2.39794,-3.221849,-0.397289,-0.56928,-0.75995,-1.679854,-0.700493,-1.79588,-0.742082,-0.179667,-1.987163,-0.9897,-0.063687,-0.443818,-0.322849,-0.302683,-2.508638,-0.940058,-0.390512
pir9Atd0,-2.346787,-1.013228,-0.095339,-0.654038,-0.625252,-0.352031,-0.418619,-0.619066,-0.947306,-0.06148,-0.502517,-0.400554,-0.731422,-0.636952,-0.217958,-0.480829,-0.965372,-0.341512,-1.006564,-0.258612,-0.995679,-0.474178,-0.264481,-0.84649,-0.4364,-0.598427,-0.555643,-0.916497,-0.757459,-0.245652,-0.391795,-2.275724,-3.69897,-0.397289,-0.639028,-0.639407,-2.036212,-0.745936,-1.79588,-0.642637,-0.165389,-1.559091,-1.211125,-0.080556,-0.457424,-0.376751,-0.041819,-1.162412,-0.961777,-0.415443
pir9Attd,-1.946922,-0.803271,-0.056901,-0.657183,-0.517698,-0.346691,-0.436163,-0.623971,-0.78357,-0.04542,-0.46382,-0.413525,-0.855737,-0.636764,-0.229885,-0.482936,-0.837137,-0.341607,-1.006564,-0.220764,-1.013228,-0.405939,-0.264082,-0.699405,-0.382161,-0.576263,-0.596879,-0.603626,-0.691009,-0.201764,-0.361311,-2.30103,-3.522879,-0.397289,-0.596022,-0.66334,-1.872895,-0.716021,-1.79588,-0.635824,-0.168514,-1.580044,-1.019088,-0.071809,-0.453581,-0.343518,-0.016599,-1.182435,-0.893469,-0.389446
plt8ah1,-2.055517,-0.971429,-0.199902,-0.894149,-1.617983,-0.66354,-0.698753,-0.980884,-2.744727,-4.0,-1.059484,-0.634699,-1.254925,-0.668775,-0.831503,-0.471083,-1.422508,-0.445269,-1.042393,-0.470826,-1.563837,-0.60206,-0.5071,-2.148742,-0.323398,-1.554396,-0.983803,-0.590913,-3.69897,-0.322849,-0.304606,-3.69897,-1.209715,-0.412065,-1.497573,-1.866461,-1.701147,-0.835945,-1.545155,-0.994391,-0.267285,-1.28567,-1.110138,-3.30103,-0.647817,-0.884722,-0.529296,-2.075721,-1.118045,-0.529443
plt8ah2,-2.508638,-0.822175,-0.213604,-0.73189,-0.986741,-0.598255,-0.865823,-0.743282,-0.830914,-2.568636,-0.92775,-2.119186,-0.896881,-0.796152,-0.385208,-0.477034,-2.0,-0.851397,-1.202732,-0.534171,-1.333482,-1.097453,-0.26817,-2.229148,-0.432974,-2.657577,-0.81673,-1.156145,-2.744727,-0.230327,-0.372429,-3.045757,-1.779892,-0.471469,-1.394695,-2.113509,-1.575118,-1.08831,-2.130768,-1.89279,-0.284665,-2.356547,-1.060481,-2.39794,-1.093126,-2.136677,-0.408824,-1.542118,-0.941954,-0.293624
plt8ah3,-1.943095,-0.54806,-0.175224,-0.892451,-1.015923,-0.765736,-1.008774,-0.929593,-0.713544,-1.744727,-0.550059,-2.769551,-0.616185,-1.025028,-0.43368,-1.166216,-2.568636,-1.270026,-0.919374,-1.140261,-2.327902,-2.677781,-0.350373,-1.316053,-0.683401,-1.943095,-0.952725,-1.207608,-2.49485,-0.300509,-0.757707,-4.0,-1.917215,-0.877456,-1.869666,-1.872895,-1.468521,-2.167491,-1.057992,-2.113509,-0.59193,-2.721246,-1.352617,-2.036212,-1.368556,-2.086186,-0.087991,-1.829738,-0.980884,-0.29895
plt8ah4,-2.070581,-1.053057,-0.205164,-0.957031,-1.793174,-0.698753,-0.869023,-0.91364,-2.236572,-4.0,-1.294992,-0.614215,-1.324222,-0.630784,-0.735418,-0.541816,-1.982967,-0.793714,-1.218963,-0.534171,-1.640165,-0.466736,-0.751536,-2.09691,-0.392652,-1.79588,-1.053548,-0.952725,-4.0,-0.308565,-0.306009,-4.0,-2.420216,-0.521867,-1.308035,-2.200659,-1.869666,-0.801343,-1.241088,-0.952336,-0.397397,-1.294136,-1.041914,-4.0,-0.874519,-0.847406,-1.457175,-1.978811,-1.155523,-0.538351
plt8ah5,-2.318759,-0.752763,-0.146363,-0.712422,-1.041436,-0.618163,-0.871924,-0.659754,-0.747632,-2.585027,-1.036684,-1.9914,-0.83535,-0.7602,-0.344285,-0.59568,-2.420216,-1.002177,-1.377786,-0.612077,-1.38405,-0.865504,-0.44916,-2.142668,-0.504456,-2.657577,-0.872247,-1.536107,-2.60206,-0.223953,-0.36512,-3.30103,-2.366532,-0.499764,-1.514279,-2.065502,-1.480172,-0.963371,-1.793174,-1.931814,-0.357437,-2.552842,-0.969805,-4.0,-1.16813,-2.09691,-0.877129,-1.481486,-0.943095,-0.291409
READWARE,-1.186419,-0.768276,-0.246264,-1.079355,-0.290985,-0.255394,-0.300076,-0.448672,-0.121134,-0.247414,-0.388383,-0.525492,-0.691222,-0.347367,-0.517412,-0.082705,-0.693789,-0.434861,-0.172825,-0.195043,-0.788879,-0.415782,-0.049586,-0.526221,-0.346112,-0.198185,-0.355956,-0.753009,-0.138227,-0.477034,-0.229664,-2.142668,-0.346209,-0.367543,-0.607479,-0.165897,-0.998699,-0.481618,-0.664342,-0.58486,-0.452225,-0.379448,-1.364516,-0.628194,-0.175679,-0.446602,-0.027982,-1.185087,-0.763211,-0.351738
READWARE2,-0.692718,-0.680478,-0.164183,-0.9914,-0.282163,-0.218819,-0.298087,-0.317674,-0.121134,-0.311224,-0.221487,-0.527829,-0.608536,-0.481354,-0.53551,-0.072989,-0.456304,-0.319846,-0.150335,-0.199764,-0.719422,-0.35714,-0.049586,-0.34979,-0.209926,-0.143815,-0.22541,-0.399136,-0.067425,-0.206419,-0.281,-1.048662,-0.346209,-0.332827,-0.433091,-0.124476,-0.902396,-0.316143,-0.707744,-0.402414,-0.260665,-0.354087,-1.105684,-0.531357,-0.101824,-0.287519,-0.027982,-0.802719,-0.65817,-0.279262
ric8dnx,-3.30103,-0.665345,-0.244125,-0.667562,-0.568636,-0.328457,-0.444906,-0.681728,-0.975104,-0.075979,-0.8471,-1.291579,-1.21467,-0.943095,-0.190979,-0.489589,-0.43427,-0.283663,-0.499489,-0.39126,-1.450997,-1.232102,-0.213888,-0.937794,-0.351933,-0.862329,-0.701365,-0.928118,-0.962574,-0.458795,-0.552222,-2.026872,-1.196543,-0.429924,-1.497573,-0.947306,-1.978811,-0.69702,-1.049635,-2.154902,-0.285922,-2.60206,-1.072117,-0.279427,-0.902743,-2.19382,-0.101769,-1.327902,-1.017729,-0.414201
ric8dpn,-3.09691,-0.709965,-0.158328,-0.787014,-0.884389,-0.389766,-0.752518,-0.594995,-0.853562,-0.091515,-0.738737,-0.510042,-1.318759,-0.696156,-0.412514,-0.468138,-0.533281,-0.35566,-0.748605,-0.426664,-1.059982,-0.791021,-0.147337,-0.785686,-0.421934,-1.725842,-0.667966,-0.531357,-0.441651,-0.166343,-0.617803,-2.431798,-0.909037,-0.392652,-0.783834,-1.185087,-1.821023,-0.681519,-1.28735,-0.392652,-0.156705,-1.394695,-1.321482,-0.106849,-0.837436,-1.772113,-0.331335,-1.651695,-1.059982,-0.423083
ric8dpx,-3.522879,-0.591082,-0.205024,-0.667158,-0.578232,-0.251657,-0.457175,-0.588044,-0.961777,-0.063738,-0.736364,-0.391046,-1.126679,-0.839231,-0.159141,-0.531653,-0.50404,-0.27556,-0.48625,-0.421246,-1.14752,-0.952336,-0.192059,-0.777544,-0.374071,-1.392545,-0.768276,-0.612788,-0.75721,-0.429691,-0.524619,-1.787812,-1.134304,-0.509901,-0.73471,-1.158641,-2.21467,-0.658565,-1.097453,-0.575282,-0.167811,-2.130768,-1.158015,-0.196816,-0.604324,-2.327902,-0.094204,-2.026872,-0.997834,-0.395342
ric8tpn,-2.113509,-0.960983,-0.118672,-0.712422,-1.228413,-0.387746,-0.594654,-0.888066,-0.912219,-0.069815,-0.675718,-0.511026,-1.422508,-0.562249,-0.630413,-0.492144,-0.513145,-0.351933,-0.596365,-0.401976,-1.211832,-0.74642,-0.186019,-0.839832,-0.371203,-1.06098,-0.909742,-0.483861,-0.460673,-0.231658,-0.616005,-2.853872,-0.802444,-0.364215,-1.709965,-1.202732,-2.107905,-0.612254,-1.179142,-0.435926,-0.152798,-1.649752,-0.811634,-0.069764,-0.90763,-0.735418,-0.543938,-1.829738,-1.07263,-0.658961
ric8tpx,-2.585027,-0.724228,-0.092642,-0.702458,-0.517555,-0.226652,-0.392545,-0.844968,-1.108463,-0.054138,-0.669586,-0.487049,-1.324222,-0.849858,-0.152427,-0.536406,-0.603452,-0.271484,-0.716473,-0.440213,-1.086716,-1.087778,-0.223008,-0.804377,-0.350081,-0.892112,-0.775467,-0.431212,-0.764724,-0.485054,-0.529296,-3.09691,-0.998266,-0.500038,-0.71108,-1.166216,-1.917215,-0.65189,-1.14813,-0.588886,-0.185087,-1.536107,-0.973058,-0.146606,-0.631899,-0.440333,-0.807711,-1.392545,-1.143876,-0.460046
Sab8A1,-1.364516,-0.789681,-0.131885,-0.7716,-0.917215,-0.357634,-0.338566,-0.881405,-1.598599,-0.065148,-0.737312,-0.32413,-1.458421,-0.700493,-0.485319,-0.530473,-0.943095,-0.385208,-1.665546,-0.366936,-1.116339,-0.5476,-0.331801,-0.8471,-0.344958,-1.378824,-0.695079,-0.499215,-0.333857,-0.338093,-0.292515,-3.522879,-1.307153,-0.445753,-0.628009,-1.355561,-1.305395,-0.551758,-1.730487,-0.390299,-0.266081,-2.013228,-0.84588,-0.248028,-0.597223,-0.593119,-1.860121,-2.69897,-0.911864,-0.429574
Sab8A2,-2.251812,-0.625435,-0.062833,-0.661942,-0.603626,-0.398483,-0.359022,-0.561774,-0.801893,-0.161214,-0.69229,-0.576918,-1.177832,-0.742082,-0.388064,-0.53551,-2.443697,-0.552842,-1.314258,-0.368049,-1.017729,-0.524329,-0.321573,-0.916856,-0.348334,-2.086186,-0.615647,-0.640734,-0.406714,-0.32039,-0.318397,-1.209715,-1.600326,-0.364717,-0.744245,-1.453457,-1.170696,-0.633951,-1.703335,-0.641875,-0.296537,-1.920819,-1.024568,-0.618524,-0.607479,-1.508638,-1.774691,-1.163676,-0.899974,-0.361112
Sab8A3,-1.043351,-0.393296,-0.058141,-0.659953,-0.597567,-0.438899,-0.401647,-0.605548,-0.580871,-0.173019,-0.392545,-0.658368,-0.710857,-0.803271,-0.532392,-0.503762,-1.239578,-0.625618,-0.823619,-0.563678,-1.793174,-0.710188,-0.281831,-0.67162,-0.443215,-1.249492,-0.650334,-0.621784,-0.418961,-0.253677,-0.318487,-2.180456,-1.332547,-0.538501,-0.778847,-1.095284,-1.229885,-1.083546,-1.465974,-0.429574,-0.302422,-1.841638,-0.971022,-0.296795,-0.865504,-0.848324,-0.859178,-1.187755,-0.770574,-0.305746
Sab8A4,-1.595166,-0.632085,-0.048177,-0.686133,-0.654626,-0.378097,-0.373454,-0.584192,-0.826814,-0.098923,-0.676335,-0.405166,-1.387216,-0.677574,-0.397397,-0.555799,-1.759451,-0.469544,-1.514279,-0.379968,-1.110138,-0.528562,-0.288699,-0.643783,-0.356646,-1.705534,-0.612432,-0.614751,-0.34371,-0.267526,-0.301117,-1.508638,-1.444906,-0.417596,-0.710857,-1.490797,-1.161781,-0.612077,-1.661544,-0.442132,-0.282662,-1.838632,-0.901356,-0.304693,-0.690796,-0.84649,-1.872895,-1.131356,-0.874844,-0.370081
Scai8Adhoc,-3.522879,-1.316953,-0.115205,-1.357535,-1.395774,-0.653256,-0.762708,-1.712198,-2.443697,-0.063034,-1.080399,-2.508638,-0.861697,-1.546682,-1.401209,-0.445511,-0.445874,-0.829152,-1.127261,-0.915424,-1.703335,-1.333482,-0.418505,-1.667562,-0.89449,-1.559091,-1.324222,-1.322393,-0.802995,-0.445511,-0.794525,-3.09691,-0.79588,-0.550367,-2.180456,-2.481486,-2.309804,-0.736364,-1.220404,-2.387216,-0.233215,-2.154902,-1.436519,-0.150765,-1.322393,-1.185752,-0.86774,-2.236572,-1.279841,-1.489455
surfahi1,-2.086186,-0.87031,-0.353694,-1.176526,-2.744727,-1.954677,-1.116339,-1.236572,-3.69897,-1.38405,-1.879426,-1.117475,-1.554396,-1.345823,-1.130768,-1.471083,-1.806875,-1.085657,-0.898597,-0.828566,-1.504456,-1.510042,-0.879097,-0.92775,-0.838932,-1.542118,-2.148742,-1.222573,-1.319664,-2.200659,-0.493224,-2.431798,-2.657577,-1.28567,-1.59346,-2.161151,-1.511449,-1.607303,-2.958607,-2.420216,-1.603801,-4.0,-1.360514,-0.443697,-1.205512,-1.590067,-0.388383,-2.420216,-1.714443,-0.409716
surfahi2,-1.707744,-1.203426,-0.298605,-1.034328,-2.455932,-0.812197,-1.129596,-1.283162,-2.823909,-1.399027,-1.712198,-1.675718,-1.280669,-1.216096,-0.948462,-0.571541,-1.69037,-4.0,-0.93968,-0.713993,-1.206908,-1.270026,-0.580375,-0.925549,-1.227678,-2.05061,-1.349692,-1.098542,-0.644548,-1.319664,-0.825068,-2.008774,-4.0,-0.929224,-0.91151,-1.88941,-1.415669,-1.457175,-1.709965,-2.008774,-0.554396,-4.0,-1.025949,-0.470698,-1.492144,-1.866461,-1.158015,-2.657577,-1.063486,-0.560194
surffal2,-2.124939,-2.136677,-1.552842,-3.69897,-3.30103,-2.065502,-2.040959,-1.438899,-2.619789,-2.267606,-2.920819,-1.931814,-1.554396,-1.978811,-2.055517,-1.838632,-4.0,-4.0,-3.045757,-1.709965,-2.366532,-1.393619,-2.537602,-2.102373,-1.970616,-3.39794,-3.09691,-3.045757,-1.267606,-2.853872,-1.735182,-3.69897,-4.0,-2.167491,-1.627088,-2.113509,-2.107905,-1.732828,-1.844664,-2.537602,-2.040959,-3.69897,-2.79588,-3.39794,-1.647817,-2.05061,-3.69897,-2.920819,-1.651695,-1.0846
tno8d3,-2.39794,-0.433916,-0.063939,-0.658763,-0.680478,-0.473144,-0.347464,-0.614036,-0.540909,-0.052615,-0.561774,-0.54485,-0.606425,-0.592269,-0.16954,-0.585528,-0.688034,-0.218101,-0.677781,-0.276544,-1.376751,-0.511167,-0.209363,-0.774432,-0.430626,-1.438899,-0.595508,-0.58838,-0.892451,-0.206489,-0.35566,-2.60206,-1.065502,-0.415443,-0.853872,-1.093126,-1.188425,-0.743763,-1.199971,-1.143876,-0.2249,-2.154902,-1.047208,-0.114808,-0.442132,-0.613858,-0.606074,-1.555955,-1.06148,-0.346498
tno8d4,-1.453457,-0.749336,-0.063084,-0.688882,-0.947306,-0.484259,-0.527244,-0.603801,-0.623971,-0.059384,-0.633204,-1.027334,-0.886057,-0.621784,-0.396531,-0.508778,-0.519562,-0.354087,-0.90101,-0.434861,-1.450997,-0.498393,-0.154902,-0.514989,-0.306449,-1.627088,-0.629117,-0.734475,-0.322119,-0.221776,-0.301725,-2.468521,-0.871278,-0.399681,-1.120331,-1.140862,-1.314258,-0.604848,-1.504456,-1.047692,-0.183096,-1.809668,-1.057,-0.0491,-0.705534,-0.84863,-0.503485,-1.453457,-1.142065,-0.311313
tno8t2,-1.640165,-0.837436,-0.124187,-0.824778,-1.293282,-0.427826,-0.461049,-0.869345,-1.411168,-0.085551,-0.679854,-1.100179,-0.943476,-0.613501,-0.639596,-0.467883,-0.737786,-0.411504,-0.967381,-0.393296,-1.490797,-0.605899,-0.171147,-0.938548,-0.352911,-1.632644,-0.869023,-0.661544,-0.399354,-0.239351,-0.318126,-2.79588,-0.92775,-0.402854,-1.01055,-1.468521,-1.546682,-0.662341,-1.744727,-1.151195,-0.180983,-2.026872,-1.044312,-0.080347,-0.737312,-0.798876,-0.463315,-2.356547,-1.0846,-0.528415
UB99SW,-2.60206,-1.263603,-0.708853,-1.282329,-1.117475,-3.045757,-1.50307,-1.480172,-0.856361,-0.93442,-2.481486,-2.031517,-1.628932,-1.319664,-0.709743,-1.300162,-1.829738,-1.8041,-1.077275,-1.537602,-1.686133,-2.040959,-0.947306,-2.080922,-0.974285,-1.978811,-1.235077,-2.69897,-0.799971,-1.730487,-0.723998,-3.69897,-3.522879,-0.825649,-1.08197,-2.259637,-1.488117,-0.9859,-3.0,-1.447332,-1.189096,-4.0,-1.029188,-1.224026,-1.092589,-2.769551,-3.69897,-2.173925,-1.844664,-0.809388
UB99T,-2.522879,-1.838632,-0.715569,-1.280669,-1.645892,-2.79588,-1.531653,-1.838632,-1.607303,-1.91364,-1.970616,-1.754487,-1.61261,-1.363512,-0.830914,-1.122629,-1.617983,-2.283997,-0.951558,-1.50724,-1.79588,-2.05061,-0.596022,-1.69897,-1.444906,-2.420216,-1.721246,-2.69897,-0.799971,-1.730487,-0.723998,-3.69897,-3.522879,-0.825649,-1.08197,-2.259637,-1.488117,-0.9859,-3.0,-1.447332,-1.189096,-4.0,-1.029188,-1.224026,-1.092589,-2.769551,-3.69897,-2.173925,-1.844664,-0.818156
umd99a1,-1.543634,-0.886057,-0.059235,-0.737075,-1.064997,-0.561458,-0.606249,-0.630599,-0.618885,-0.09275,-0.762205,-1.136083,-0.914709,-0.558148,-0.318668,-0.503624,-1.314258,-0.948076,-1.158015,-0.52739,-1.244888,-0.443456,-0.316323,-0.653843,-0.426548,-1.958607,-0.708409,-0.973875,-0.412514,-0.272052,-1.135489,-2.318759,-1.863279,-0.507799,-1.085128,-1.276544,-1.562249,-0.685922,-1.164944,-1.165579,-0.37872,-2.823909,-0.839531,-0.297311,-0.834756,-0.829152,-1.571865,-1.464706,-0.982132,-0.325323
unc8al32,-1.705534,-0.818728,-0.343902,-1.365523,-0.888066,-1.321482,-0.930702,-0.612077,-0.62233,-0.605023,-1.057496,-0.803547,-0.932185,-0.750313,-0.675923,-0.75995,-0.702677,-1.185752,-1.665546,-0.816161,-1.89279,-0.909389,-0.442373,-0.933674,-1.16813,-2.124939,-1.255707,-0.731422,-0.36734,-0.982132,-0.816445,-4.0,-2.537602,-0.741363,-0.922632,-1.681937,-2.49485,-1.107905,-1.159894,-1.812479,-0.46572,-3.09691,-1.576754,-0.439615,-1.091515,-1.009217,-0.830326,-1.90309,-1.004365,-0.387852
unc8al42,-1.701147,-0.802168,-0.389233,-1.365523,-0.888066,-1.321482,-0.930702,-0.612077,-0.623788,-0.487049,-1.010995,-0.789949,-0.932557,-0.750313,-0.711527,-0.765483,-0.702677,-1.224754,-1.659556,-0.816161,-1.89279,-0.909389,-0.358129,-0.960189,-1.170053,-2.113509,-1.270026,-0.728391,-0.370692,-0.973467,-0.802168,-4.0,-2.49485,-0.729554,-0.917215,-1.619789,-2.49485,-1.097997,-1.159894,-1.815309,-0.461552,-3.09691,-1.583359,-0.439615,-1.118615,-1.009217,-0.830326,-1.899629,-0.970211,-0.38764
unc8al52,-2.161151,-0.896538,-0.174055,-1.517126,-1.108463,-0.913996,-0.967784,-0.67469,-0.642065,-0.192939,-0.960189,-0.639217,-1.333482,-0.773916,-0.548828,-0.627825,-0.679646,-1.309804,-1.614394,-0.611721,-1.416801,-0.716247,-0.387216,-0.792904,-1.114639,-2.60206,-0.827689,-0.669992,-0.30312,-0.270673,-1.14691,-3.522879,-3.69897,-0.659556,-0.858237,-1.417937,-2.769551,-0.891435,-0.977159,-1.847712,-0.452595,-2.920819,-1.444906,-0.383524,-0.970616,-1.110138,-1.616185,-1.928118,-0.977159,-0.394156
UniNET8Lg,-1.363512,-0.380489,-0.046095,-0.638839,-0.702239,-0.417142,-0.4698,-0.698753,-0.508638,-0.071246,-0.366027,-0.483994,-0.507379,-0.539403,-0.385525,-0.340084,-3.221849,-0.355857,-0.809668,-0.405276,-1.709965,-0.511731,-0.159079,-0.611544,-0.284833,-1.037157,-0.695509,-0.576918,-0.293794,-0.188492,-0.28042,-4.0,-0.858864,-0.27638,-1.053548,-0.635824,-1.39794,-0.453951,-1.946922,-0.635637,-0.257746,-1.844664,-0.834756,-0.187688,-0.787014,-0.555487,-0.368556,-1.317855,-0.86774,-0.257432
UniNET8St,-1.844664,-0.590405,-0.03414,-0.656001,-1.018634,-0.422164,-0.448062,-0.736127,-0.642637,-0.055419,-0.471984,-0.423543,-0.512579,-0.554863,-0.35125,-0.296881,-3.39794,-0.382895,-1.100179,-0.35047,-1.271646,-0.706637,-0.188224,-0.587876,-0.295764,-1.505845,-0.618163,-0.572514,-0.249569,-0.304781,-0.297311,-4.0,-0.96138,-0.306009,-1.03574,-1.159267,-1.372634,-0.786217,-1.841638,-0.838333,-0.266722,-1.575118,-0.858237,-0.111259,-0.662142,-0.468777,-0.612788,-1.551294,-1.016374,-0.298432
UT800,-1.248721,-0.845576,-0.071707,-0.888066,-0.946922,-0.545308,-0.572839,-0.707744,-0.552997,-0.05705,-0.615826,-0.926282,-0.996109,-0.652865,-0.491336,-0.528855,-0.49485,-0.314527,-0.838333,-0.394479,-1.457175,-0.488651,-0.179799,-0.562725,-0.378824,-1.543634,-0.664141,-0.816161,-0.22439,-0.220692,-0.285,-2.920819,-0.89279,-0.498804,-1.266803,-1.340084,-1.29243,-0.688246,-1.798603,-1.140862,-0.315873,-2.207608,-0.956245,-0.04842,-0.697669,-0.782253,-1.247184,-1.326058,-1.025949,-0.410162
UT803,-1.401209,-1.079877,-0.430509,-0.670602,-1.062984,-1.021819,-0.7734,-1.139063,-0.883392,-0.115375,-1.013228,-1.073143,-0.850781,-0.583193,-0.485452,-0.515131,-0.888737,-0.691863,-1.627088,-2.031517,-1.358526,-1.02641,-0.161592,-1.050122,-0.545765,-2.568636,-0.841336,-0.683191,-0.976748,-1.078834,-0.426896,-4.0,-1.059982,-0.462685,-1.162412,-1.764472,-1.080399,-0.666553,-1.723538,-1.636388,-0.762959,-2.657577,-1.063486,-0.080817,-0.806319,-0.685922,-0.751781,-1.543634,-0.928486,-0.369572
UT803b,-1.596879,-0.646853,-0.10397,-0.772628,-0.528708,-0.404173,-0.483332,-0.715569,-0.545003,-0.09173,-0.679646,-1.442493,-0.688882,-0.609065,-0.427128,-0.548214,-0.675718,-0.186086,-1.119186,-0.518988,-1.476254,-0.548214,-0.180785,-0.602234,-0.418164,-1.573489,-0.614572,-0.751291,-0.254301,-0.371815,-0.316953,-2.79588,-1.137272,-0.539704,-1.056011,-1.191114,-0.98843,-0.665747,-1.838632,-1.590067,-0.409158,-1.931814,-1.06148,-0.106072,-0.675512,-0.437231,-0.978397,-1.30103,-0.915424,-0.431681
UT810,-3.39794,-3.30103,-0.640165,-2.346787,-2.886057,-2.0,-1.856985,-1.420216,-3.69897,-2.69897,-3.09691,-3.154902,-2.69897,-1.88941,-1.166216,-2.031517,-2.455932,-2.39794,-3.221849,-0.999566,-2.346787,-1.850781,-1.264401,-1.607303,-1.896196,-3.522879,-2.318759,-2.221849,-0.523168,-2.091515,-1.920819,-2.481486,-2.60206,-3.522879,-1.823909,-3.69897,-1.943095,-3.0,-1.482804,-1.946922,-0.910448,-3.522879,-1.405607,-0.480829,-1.016825,-1.548214,-0.523893,-2.657577,-1.154282,-0.777024
UT813,-2.886057,-1.270026,-0.723079,-0.539704,-0.853252,-1.462181,-0.698319,-0.742561,-0.668978,-0.176982,-1.247952,-2.173925,-0.878769,-0.699839,-0.608183,-0.896196,-1.464706,-0.921906,-2.30103,-1.156145,-1.617983,-1.211125,-0.24071,-1.137272,-0.821599,-2.366532,-0.849244,-1.259637,-0.775726,-1.642065,-0.677781,-2.958607,-1.576754,-0.679023,-1.524329,-2.031517,-1.185752,-0.910448,-1.325139,-1.560667,-0.473273,-1.69037,-1.20204,-0.249723,-0.499764,-0.670806,-0.491201,-1.393619,-1.034798,-0.530767
uwmt8a0,-2.119186,-1.14691,-0.122226,-0.863914,-1.260428,-0.723079,-0.594824,-0.895172,-0.864867,-0.139243,-0.841939,-0.572027,-1.278189,-0.785951,-0.744245,-0.377165,-0.504733,-1.016374,-1.269218,-0.420331,-1.379864,-0.781202,-0.221921,-0.869345,-0.761954,-1.137272,-0.741602,-0.55083,-0.54409,-0.282996,-0.727694,-3.09691,-1.298432,-0.417028,-2.102373,-1.197911,-2.142668,-0.989276,-1.318759,-0.763967,-0.214243,-1.565431,-1.031984,-0.030491,-0.841939,-0.876475,-0.412065,-1.954677,-1.653647,-0.452718
uwmt8a1,-1.5867,-0.672437,-0.104356,-0.782516,-1.097997,-0.351738,-0.546223,-0.801618,-1.437707,-0.049879,-0.536555,-0.542421,-1.187755,-0.412626,-0.368353,-0.413525,-0.550367,-0.661743,-1.164309,-0.388277,-1.420216,-0.768021,-0.252744,-0.668775,-0.343806,-1.420216,-0.728158,-0.598427,-0.790753,-0.200039,-0.383945,-2.022276,-3.69897,-0.432151,-0.796695,-1.111821,-1.415669,-0.51159,-1.744727,-0.682564,-0.218676,-1.935542,-0.830032,-0.095393,-0.505845,-0.515273,-0.701584,-1.962574,-0.981716,-0.178618
uwmt8a2,-2.130768,-0.619789,-0.039196,-0.656591,-0.549597,-0.407046,-0.605899,-0.707301,-0.798057,-0.059683,-0.62233,-1.321482,-0.973058,-0.462307,-0.347754,-0.41005,-0.485187,-0.505706,-0.920819,-0.404394,-1.316053,-0.768021,-0.231954,-0.801343,-0.355168,-2.148742,-0.582861,-0.611011,-0.825068,-0.192465,-0.425506,-1.595166,-2.60206,-0.432151,-0.789681,-1.172631,-1.322393,-0.465593,-1.744727,-0.947691,-0.237096,-2.309804,-0.856361,-0.148253,-0.494172,-1.224754,-0.606952,-1.432974,-0.910095,-0.189096
weaver1,-2.769551,-1.029653,-0.250882,-0.654822,-0.50404,-0.558305,-0.953115,-0.540457,-0.564633,-0.176787,-0.629117,-2.619789,-0.386793,-0.685711,-0.184887,-0.370998,-3.0,-0.990974,-0.636952,-0.628194,-1.882729,-2.075721,-0.114413,-1.512862,-0.957031,-2.886057,-0.637518,-1.669586,-0.748362,-0.239125,-0.668573,-2.657577,-1.300162,-0.860751,-1.707744,-1.226214,-1.088842,-1.853872,-1.630784,-2.229148,-0.178749,-2.638272,-1.417937,-0.192127,-0.827981,-2.853872,-0.024017,-2.537602,-0.97265,-0.323855
weaver2,-2.769551,-0.592609,-0.27368,-0.654822,-0.50404,-0.452595,-0.50948,-0.518988,-0.564633,-0.094258,-0.871278,-1.38934,-0.731188,-0.657775,-0.132356,-0.533132,-0.811353,-0.502932,-0.965372,-0.570248,-1.598599,-0.713993,-0.204676,-1.336299,-0.373865,-2.154902,-0.560667,-0.952336,-0.623058,-0.323947,-0.383524,-2.148742,-1.089376,-0.388914,-1.853872,-0.832978,-1.088842,-0.832978,-1.364516,-1.546682,-0.212752,-2.119186,-1.257275,-0.261299,-0.451979,-2.886057,-0.278767,-2.443697,-1.323306,-0.323855
